﻿{"updateDate":"2018-08-01 07:52:05","title":"{\u003cEN\u003ee-Library\u003cEN\u003e}","backgroundImageName":{"aveImageID":9078141,"updateDate":"2018-08-01 06:51:18","name":"3285360","imageURL":"https://mobirollercdn.blob.core.windows.net/mobirollermycontainer/nibedanpal2_339044_1@gmail.com/3285360.png"},"mainImageName":{"aveImageID":9078550,"updateDate":"2018-08-01 07:49:58","name":"251886539img","imageURL":"https://mobirollercdn.blob.core.windows.net/mobirollermycontainer/nibedanpal2_339044_1@gmail.com/251886539img.png"},"mainImageHeight":150,"contentText":null,"contentTextColor":{"aveColorID":3868605,"red":"0.2","green":"0.2","blue":"0.2","alpha":"1"},"contentFontSize":15,"contentFontName":"HelveticaNeue","contentTextHeight":null,"contentTextBackColor":null,"tableTextColor":{"aveColorID":3868607,"red":"1","green":"1","blue":"1","alpha":"1"},"tableFontSize":15,"tableFontName":"HelveticaNeue","tableRowHeight":48,"tableCellBackground":{"aveImageID":9078142,"updateDate":"2018-08-01 06:51:18","name":"3285359","imageURL":"https://mobirollercdn.blob.core.windows.net/mobirollermycontainer/nibedanpal2_339044_1@gmail.com/3285359.png"},"tableItems":[]}