﻿{"updateDate":"2018-08-01 08:38:36","type":1,"backgroundImage":{"aveImageID":9078205,"updateDate":"2018-08-01 07:01:49","name":"272663982","imageURL":"https://mobirollercdn.blob.core.windows.net/mobirollermycontainer/nibedanpal2_339044_1@gmail.com/272663982.png"},"fontName":"HelveticaNeue","numberOfRows":3,"numberOfColumns":3,"itemBackgroundImage":{"aveImageID":9078144,"updateDate":"2018-08-01 06:51:19","name":"3285367","imageURL":"https://mobirollercdn.blob.core.windows.net/mobirollermycontainer/nibedanpal2_339044_1@gmail.com/3285367.png"},"navBarTintColor":{"aveColorID":3868609,"red":"0.29","green":"0.29","blue":"0.29","alpha":"1"},"menuTextColor":{"aveColorID":3868607,"red":"1","green":"1","blue":"1","alpha":"1"},"menuBackgroundColor":null,"isLoginActive":true,"isRegistrationActive":true,"isAppStartLogin":true,"navigationItems":[{"accountScreenID":981904,"screenType":"aveCustomScreenView","title":"{\u003cEN\u003eAnnouncement\u003cEN\u003e}","iconImage":{"aveImageID":9078310,"updateDate":"2018-08-01 07:24:49","name":"225640229img","imageURL":"https://mobirollercdn.blob.core.windows.net/mobirollermycontainer/nibedanpal2_339044_1@gmail.com/225640229img.png"},"isLoginActive":true,"updateDate":"2018-08-01 07:25:12","roles":[]},{"accountScreenID":981932,"screenType":"aveHtmlView","title":"{\u003cEN\u003eAcademics\u003cEN\u003e}","iconImage":{"aveImageID":9078397,"updateDate":"2018-08-01 07:33:16","name":"909340974img","imageURL":"https://mobirollercdn.blob.core.windows.net/mobirollermycontainer/nibedanpal2_339044_1@gmail.com/909340974img.png"},"isLoginActive":true,"updateDate":"2018-08-01 07:44:18","roles":[]},{"accountScreenID":981938,"screenType":"aveHtmlView","title":"{\u003cEN\u003ePeople\u003cEN\u003e}","iconImage":{"aveImageID":9078499,"updateDate":"2018-08-01 07:47:22","name":"tmp665079894","imageURL":"https://mobirollercdn.blob.core.windows.net/mobirollermycontainer/nibedanpal2_339044_1@gmail.com/tmp665079894.png"},"isLoginActive":true,"updateDate":"2018-08-01 07:48:59","roles":[]},{"accountScreenID":981942,"screenType":"aveMainListView","title":"{\u003cEN\u003ee-Library\u003cEN\u003e}","iconImage":{"aveImageID":9078571,"updateDate":"2018-08-01 07:51:07","name":"tmp356851635","imageURL":"https://mobirollercdn.blob.core.windows.net/mobirollermycontainer/nibedanpal2_339044_1@gmail.com/tmp356851635.png"},"isLoginActive":true,"updateDate":"2018-08-01 07:52:05","roles":[]},{"accountScreenID":981952,"screenType":"aveCustomScreenView","title":"{\u003cEN\u003eRoutine\u003cEN\u003e}","iconImage":{"aveImageID":9078675,"updateDate":"2018-08-01 08:00:26","name":"342438013img","imageURL":"https://mobirollercdn.blob.core.windows.net/mobirollermycontainer/nibedanpal2_339044_1@gmail.com/342438013img.png"},"isLoginActive":true,"updateDate":"2018-08-01 08:00:45","roles":[]},{"accountScreenID":981947,"screenType":"aveCustomScreenView","title":"{\u003cEN\u003eEvent\u003cEN\u003e}","iconImage":{"aveImageID":9078591,"updateDate":"2018-08-01 07:54:04","name":"tmp289449216","imageURL":"https://mobirollercdn.blob.core.windows.net/mobirollermycontainer/nibedanpal2_339044_1@gmail.com/tmp289449216.png"},"isLoginActive":true,"updateDate":"2018-08-01 07:54:14","roles":[]},{"accountScreenID":981964,"screenType":"aveCustomScreenView","title":"{\u003cEN\u003eAssignment\u003cEN\u003e}","iconImage":{"aveImageID":9078737,"updateDate":"2018-08-01 08:15:20","name":"tmp374568323","imageURL":"https://mobirollercdn.blob.core.windows.net/mobirollermycontainer/nibedanpal2_339044_1@gmail.com/tmp374568323.png"},"isLoginActive":true,"updateDate":"2018-08-01 08:15:23","roles":[]},{"accountScreenID":981948,"screenType":"aveCustomScreenView","title":"{\u003cEN\u003eT\u0026P Cell\u003cEN\u003e}","iconImage":{"aveImageID":9078600,"updateDate":"2018-08-01 07:55:28","name":"651657173img","imageURL":"https://mobirollercdn.blob.core.windows.net/mobirollermycontainer/nibedanpal2_339044_1@gmail.com/651657173img.png"},"isLoginActive":true,"updateDate":"2018-08-01 07:55:33","roles":[]},{"accountScreenID":981965,"screenType":"aveCustomScreenView","title":"{\u003cEN\u003eAchievements\u003cEN\u003e}","iconImage":{"aveImageID":9078752,"updateDate":"2018-08-01 08:16:26","name":"tmp341049577","imageURL":"https://mobirollercdn.blob.core.windows.net/mobirollermycontainer/nibedanpal2_339044_1@gmail.com/tmp341049577.png"},"isLoginActive":true,"updateDate":"2018-08-01 08:17:26","roles":[]},{"accountScreenID":981967,"screenType":"aveCustomScreenView","title":"{\u003cEN\u003eAbout\u003cEN\u003e}","iconImage":{"aveImageID":9078758,"updateDate":"2018-08-01 08:18:54","name":"tmp161366431","imageURL":"https://mobirollercdn.blob.core.windows.net/mobirollermycontainer/nibedanpal2_339044_1@gmail.com/tmp161366431.png"},"isLoginActive":true,"updateDate":"2018-08-01 08:18:58","roles":[]},{"accountScreenID":981969,"screenType":"avePhotoGalleryView","title":"{\u003cEN\u003eAlbum\u003cEN\u003e}","iconImage":{"aveImageID":9078761,"updateDate":"2018-08-01 08:20:03","name":"tmp971968365","imageURL":"https://mobirollercdn.blob.core.windows.net/mobirollermycontainer/nibedanpal2_339044_1@gmail.com/tmp971968365.png"},"isLoginActive":true,"updateDate":"2018-08-01 08:20:27","roles":[]}]}