﻿{"tabBarBackgroundImageName":{"aveImageID":9078205,"updateDate":"2018-08-01 07:01:49","name":"272663982","imageURL":"https://mobirollercdn.blob.core.windows.net/mobirollermycontainer/nibedanpal2_339044_1@gmail.com/272663982.png"},"splashMusic":null,"splashImage":{"aveImageID":9078170,"updateDate":"2018-08-01 06:54:42","name":"splash","imageURL":"https://mobirollercdn.blob.core.windows.net/mobirollermycontainer/nibedanpal2_339044_1@gmail.com/splash.png"},"logoImage":{"aveImageID":9078826,"updateDate":"2018-08-01 08:36:18","name":"669444211img","imageURL":"https://mobirollercdn.blob.core.windows.net/mobirollermycontainer/nibedanpal2_339044_1@gmail.com/669444211img.png"},"loginBackgroundImage":{"aveImageID":9078833,"updateDate":"2018-08-01 08:38:04","name":"810219651img","imageURL":"https://mobirollercdn.blob.core.windows.net/mobirollermycontainer/nibedanpal2_339044_1@gmail.com/810219651img.png"},"navBarTintColor":{"aveColorID":3868606,"red":"0.25","green":"0.41","blue":"0.6","alpha":"1"},"updateDate":"2018-08-01 08:38:36","tabBarFont":null,"tabBarTextColor":null,"localeCodes":"EN","defaultLanguage":"EN","GATrackingId":null,"adMobCode":null,"adMobBannerCode":null,"adMobNativeCode":null,"iOSAdMobCode":null,"iOSAdMobBannerCode":null,"iOSAdMobNativeCode":null,"adType":null,"isAdEnabled":false,"isBannerAdEnabled":false,"isNativeAdEnabled":false,"isiOSAdEnabled":false,"isiOSBannerAdEnabled":false,"isiOSNativeAdEnabled":false,"isBleshActive":true,"huqService":true,"isTrialExpired":false,"progressAnimationType":8,"progressAnimationColor":{"aveColorID":3868599,"red":"0.29","green":"0.29","blue":"0.29","alpha":"1"},"askBeforeExit":null,"isChatActive":false,"isFavoriteActive":null,"rateApp":false,"thirdPartyAdsService":false,"videoAdsStatus":null,"splashAdsStatus":null,"returnAdsStatus":null,"autoInterstitialStatus":null,"autoInterstitialType":null,"autoInterstitialValue":null,"autoIntAdStatus":null,"autoIntAdTimeInterval":null,"introMessage":null,"tabItems":[],"accounts":[]}